<?xml version='1.0' encoding='UTF-8'?>
<types:mule xmlns:types="http://www.mulesoft.org/schema/mule/types">
  <types:catalog>
    <types:type name="american_flights_json" format="json">
      <types:shape format="weave" example="examples/american-flights-example.json"><![CDATA[%dw 2.0

type american_flights_json = Array<{|  ID: Number {"typeId": "int"},   code: String,   price: Number {"typeId": "double"},   departureDate: String,   origin: String,   destination: String,   emptySeats: Number {"typeId": "int"},   plane: {|    "type": String,     totalSeats: Number {"typeId": "int"}  |}|}> {"example": "[{\\\"ID\\\":1,\\\"code\\\":\\\"ER38sd\\\",\\\"price\\\":400.00,\\\"departureDate\\\":\\\"2016\\/03\\/20\\\",\\\"origin\\\":\\\"MUA\\\",\\\"destination\\\":\\\"SFO\\\",\\\"emptySeats\\\":0,\\\"plane\\\":{\\\"type\\\":\\\"Boeing 737\\\",\\\"totalSeats\\\":150}},{\\\"ID\\\":2,\\\"code\\\":\\\"ER45if\\\",\\\"price\\\":345.99,\\\"departureDate\\\":\\\"2016\\/02\\/11\\\",\\\"origin\\\":\\\"MUA\\\",\\\"destination\\\":\\\"LAX\\\",\\\"emptySeats\\\":52,\\\"plane\\\":{\\\"type\\\":\\\"Boeing 777\\\",\\\"totalSeats\\\":300}}]"}

]]></types:shape>
    </types:type>
    <types:type name="auto_720e7783-7f3f-445f-aad2-284af2d75e8b_Input-Payload" format="java">
      <types:shape format="weave" example="weave/autogenerated/720e7783-7f3f-445f-aad2-284af2d75e8b/Input-Payload.wev" autogeneratedOrigin="d3645358-a261-45f1-9bcd-79fc8979829f"><![CDATA[%dw 2.0

type auto_720e7783_7f3f_445f_aad2_284af2d75e8b_Input_Payload = Any

]]></types:shape>
    </types:type>
    <types:type name="auto_720e7783-7f3f-445f-aad2-284af2d75e8b_Input-Attributes" format="java">
      <types:shape format="weave" example="weave/autogenerated/720e7783-7f3f-445f-aad2-284af2d75e8b/Input-Attributes.wev" autogeneratedOrigin="d3645358-a261-45f1-9bcd-79fc8979829f"><![CDATA[%dw 2.0

type auto_720e7783_7f3f_445f_aad2_284af2d75e8b_Input_Attributes = {|
  clientCertificate?: {|
    publicKey?: {|  |}, 
    "type"?: String, 
    encoded?: Binary
  |}, 
  headers: {|  |}, 
  listenerPath: String, 
  method: String, 
  queryParams: {| destination?: "LAX" | "SFO" | "CLE" |}, 
  queryString: String, 
  relativePath: String, 
  remoteAddress: String, 
  requestPath: String, 
  requestUri: String, 
  scheme: String, 
  uriParams: {|  |}, 
  version: String, 
  localAddress: String
|}

]]></types:shape>
    </types:type>
    <types:type name="auto_720e7783-7f3f-445f-aad2-284af2d75e8b_Input-Variables-outboundHeaders" format="java">
      <types:shape format="weave" example="weave/autogenerated/720e7783-7f3f-445f-aad2-284af2d75e8b/Input-Variables-outboundHeaders.wev" autogeneratedOrigin="d3645358-a261-45f1-9bcd-79fc8979829f"><![CDATA[%dw 2.0

type auto_720e7783_7f3f_445f_aad2_284af2d75e8b_Input_Variables_outboundHeaders = {|  |}

]]></types:shape>
    </types:type>
    <types:type name="auto_720e7783-7f3f-445f-aad2-284af2d75e8b_Input-Variables-httpStatus" format="java">
      <types:shape format="raml" autogeneratedOrigin="d3645358-a261-45f1-9bcd-79fc8979829f"><![CDATA[#%RAML 1.0 DataType
type: string]]></types:shape>
    </types:type>
    <types:type name="auto_720e7783-7f3f-445f-aad2-284af2d75e8b_Output-Payload" format="json">
      <types:shape format="weave" example="weave/autogenerated/720e7783-7f3f-445f-aad2-284af2d75e8b/Output-Payload.wev" autogeneratedOrigin="d3645358-a261-45f1-9bcd-79fc8979829f"><![CDATA[%dw 2.0

type auto_720e7783_7f3f_445f_aad2_284af2d75e8b_Output_Payload = Array<{  plane?: {    "type": String,     totalSeats: Number,     _?: Any  },   code: String,   price: Number,   origin: String,   destination: String,   ID?: Number,   departureDate: String,   emptySeats: Number,   _?: Any}>

]]></types:shape>
    </types:type>
    <types:type name="auto_720e7783-7f3f-445f-aad2-284af2d75e8b_Output-Attributes" format="java">
      <types:shape format="weave" example="weave/autogenerated/720e7783-7f3f-445f-aad2-284af2d75e8b/Output-Attributes.wev" autogeneratedOrigin="d3645358-a261-45f1-9bcd-79fc8979829f"><![CDATA[%dw 2.0

type auto_720e7783_7f3f_445f_aad2_284af2d75e8b_Output_Attributes = Null

]]></types:shape>
    </types:type>
    <types:type name="auto_720e7783-7f3f-445f-aad2-284af2d75e8b_Output-Variables-outboundHeaders" format="java">
      <types:shape format="weave" example="weave/autogenerated/720e7783-7f3f-445f-aad2-284af2d75e8b/Output-Variables-outboundHeaders.wev" autogeneratedOrigin="d3645358-a261-45f1-9bcd-79fc8979829f"><![CDATA[%dw 2.0

type auto_720e7783_7f3f_445f_aad2_284af2d75e8b_Output_Variables_outboundHeaders = {|  |}

]]></types:shape>
    </types:type>
    <types:type name="auto_720e7783-7f3f-445f-aad2-284af2d75e8b_Output-Variables-httpStatus" format="java">
      <types:shape format="raml" autogeneratedOrigin="d3645358-a261-45f1-9bcd-79fc8979829f"><![CDATA[#%RAML 1.0 DataType
type: string]]></types:shape>
    </types:type>
    <types:type name="auto_b2dcfcdb-5884-48e1-91ac-25c5a7a777e1_Input-Payload" format="java">
      <types:shape format="weave" example="weave/autogenerated/b2dcfcdb-5884-48e1-91ac-25c5a7a777e1/Input-Payload.wev" autogeneratedOrigin="442471b5-a1a4-477c-bfaf-601dcb400c78"><![CDATA[%dw 2.0

type auto_b2dcfcdb_5884_48e1_91ac_25c5a7a777e1_Input_Payload = Any

]]></types:shape>
    </types:type>
    <types:type name="auto_b2dcfcdb-5884-48e1-91ac-25c5a7a777e1_Input-Attributes" format="java">
      <types:shape format="weave" example="weave/autogenerated/b2dcfcdb-5884-48e1-91ac-25c5a7a777e1/Input-Attributes.wev" autogeneratedOrigin="442471b5-a1a4-477c-bfaf-601dcb400c78"><![CDATA[%dw 2.0

type auto_b2dcfcdb_5884_48e1_91ac_25c5a7a777e1_Input_Attributes = {|
  clientCertificate?: {|
    publicKey?: {|  |}, 
    "type"?: String, 
    encoded?: Binary
  |}, 
  headers: {|  |}, 
  listenerPath: String, 
  method: String, 
  queryParams: {|  |}, 
  queryString: String, 
  relativePath: String, 
  remoteAddress: String, 
  requestPath: String, 
  requestUri: String, 
  scheme: String, 
  uriParams: {| Id: String |}, 
  version: String, 
  localAddress: String
|}

]]></types:shape>
    </types:type>
    <types:type name="auto_b2dcfcdb-5884-48e1-91ac-25c5a7a777e1_Input-Variables-outboundHeaders" format="java">
      <types:shape format="weave" example="weave/autogenerated/b2dcfcdb-5884-48e1-91ac-25c5a7a777e1/Input-Variables-outboundHeaders.wev" autogeneratedOrigin="442471b5-a1a4-477c-bfaf-601dcb400c78"><![CDATA[%dw 2.0

type auto_b2dcfcdb_5884_48e1_91ac_25c5a7a777e1_Input_Variables_outboundHeaders = {|  |}

]]></types:shape>
    </types:type>
    <types:type name="auto_b2dcfcdb-5884-48e1-91ac-25c5a7a777e1_Input-Variables-httpStatus" format="java">
      <types:shape format="raml" autogeneratedOrigin="442471b5-a1a4-477c-bfaf-601dcb400c78"><![CDATA[#%RAML 1.0 DataType
type: string]]></types:shape>
    </types:type>
    <types:type name="auto_b2dcfcdb-5884-48e1-91ac-25c5a7a777e1_Output-Payload" format="json">
      <types:shape format="weave" example="weave/autogenerated/b2dcfcdb-5884-48e1-91ac-25c5a7a777e1/Output-Payload.wev" autogeneratedOrigin="442471b5-a1a4-477c-bfaf-601dcb400c78"><![CDATA[%dw 2.0

type auto_b2dcfcdb_5884_48e1_91ac_25c5a7a777e1_Output_Payload = {
  plane?: {
    "type": String, 
    totalSeats: Number, 
    _?: Any
  }, 
  code: String, 
  price: Number, 
  origin: String, 
  destination: String, 
  ID?: Number, 
  departureDate: String, 
  emptySeats: Number, 
  _?: Any
}

]]></types:shape>
    </types:type>
    <types:type name="auto_b2dcfcdb-5884-48e1-91ac-25c5a7a777e1_Output-Attributes" format="java">
      <types:shape format="weave" example="weave/autogenerated/b2dcfcdb-5884-48e1-91ac-25c5a7a777e1/Output-Attributes.wev" autogeneratedOrigin="442471b5-a1a4-477c-bfaf-601dcb400c78"><![CDATA[%dw 2.0

type auto_b2dcfcdb_5884_48e1_91ac_25c5a7a777e1_Output_Attributes = Null

]]></types:shape>
    </types:type>
    <types:type name="auto_b2dcfcdb-5884-48e1-91ac-25c5a7a777e1_Output-Variables-outboundHeaders" format="java">
      <types:shape format="weave" example="weave/autogenerated/b2dcfcdb-5884-48e1-91ac-25c5a7a777e1/Output-Variables-outboundHeaders.wev" autogeneratedOrigin="442471b5-a1a4-477c-bfaf-601dcb400c78"><![CDATA[%dw 2.0

type auto_b2dcfcdb_5884_48e1_91ac_25c5a7a777e1_Output_Variables_outboundHeaders = {|  |}

]]></types:shape>
    </types:type>
    <types:type name="auto_b2dcfcdb-5884-48e1-91ac-25c5a7a777e1_Output-Variables-httpStatus" format="java">
      <types:shape format="raml" autogeneratedOrigin="442471b5-a1a4-477c-bfaf-601dcb400c78"><![CDATA[#%RAML 1.0 DataType
type: string]]></types:shape>
    </types:type>
  </types:catalog>
  <types:enrichment select="#989c7057-d69a-49ca-b6a4-ac639535d37c">
    <types:processor-declaration>
      <types:output-event>
        <types:message>
          <types:payload type="american_flights_json"/>
        </types:message>
      </types:output-event>
    </types:processor-declaration>
  </types:enrichment>
  <types:enrichment select="#720e7783-7f3f-445f-aad2-284af2d75e8b">
    <types:processor-declaration>
      <types:input-event>
        <types:message>
          <types:payload type="auto_720e7783-7f3f-445f-aad2-284af2d75e8b_Input-Payload"/>
          <types:attributes type="auto_720e7783-7f3f-445f-aad2-284af2d75e8b_Input-Attributes"/>
        </types:message>
        <types:variables>
          <types:variable name="outboundHeaders" type="auto_720e7783-7f3f-445f-aad2-284af2d75e8b_Input-Variables-outboundHeaders"/>
          <types:variable name="httpStatus" type="auto_720e7783-7f3f-445f-aad2-284af2d75e8b_Input-Variables-httpStatus"/>
        </types:variables>
      </types:input-event>
      <types:output-event>
        <types:message>
          <types:payload type="auto_720e7783-7f3f-445f-aad2-284af2d75e8b_Output-Payload"/>
          <types:attributes type="auto_720e7783-7f3f-445f-aad2-284af2d75e8b_Output-Attributes"/>
        </types:message>
        <types:variables>
          <types:variable name="outboundHeaders" type="auto_720e7783-7f3f-445f-aad2-284af2d75e8b_Output-Variables-outboundHeaders"/>
          <types:variable name="httpStatus" type="auto_720e7783-7f3f-445f-aad2-284af2d75e8b_Output-Variables-httpStatus"/>
        </types:variables>
      </types:output-event>
    </types:processor-declaration>
  </types:enrichment>
  <types:enrichment select="#b2dcfcdb-5884-48e1-91ac-25c5a7a777e1">
    <types:processor-declaration>
      <types:input-event>
        <types:message>
          <types:payload type="auto_b2dcfcdb-5884-48e1-91ac-25c5a7a777e1_Input-Payload"/>
          <types:attributes type="auto_b2dcfcdb-5884-48e1-91ac-25c5a7a777e1_Input-Attributes"/>
        </types:message>
        <types:variables>
          <types:variable name="outboundHeaders" type="auto_b2dcfcdb-5884-48e1-91ac-25c5a7a777e1_Input-Variables-outboundHeaders"/>
          <types:variable name="httpStatus" type="auto_b2dcfcdb-5884-48e1-91ac-25c5a7a777e1_Input-Variables-httpStatus"/>
        </types:variables>
      </types:input-event>
      <types:output-event>
        <types:message>
          <types:payload type="auto_b2dcfcdb-5884-48e1-91ac-25c5a7a777e1_Output-Payload"/>
          <types:attributes type="auto_b2dcfcdb-5884-48e1-91ac-25c5a7a777e1_Output-Attributes"/>
        </types:message>
        <types:variables>
          <types:variable name="outboundHeaders" type="auto_b2dcfcdb-5884-48e1-91ac-25c5a7a777e1_Output-Variables-outboundHeaders"/>
          <types:variable name="httpStatus" type="auto_b2dcfcdb-5884-48e1-91ac-25c5a7a777e1_Output-Variables-httpStatus"/>
        </types:variables>
      </types:output-event>
    </types:processor-declaration>
  </types:enrichment>
</types:mule>