{"main":"american-flights-api.raml","name":"American Flights API","classifier":"raml","tags":[],"dependencies":[{"groupId":"68ef9520-24e9-4cf2-b2f5-620025690913","assetId":"training-american-flight-data-type","version":"1.0.1"},{"groupId":"68ef9520-24e9-4cf2-b2f5-620025690913","assetId":"training-american-flights-example","version":"1.0.1"}],"groupId":"9558bcac-6718-4399-b11a-4bf5556937bf","assetId":"american-flights-api","version":"1.0.2","apiVersion":"v1","originalFormatVersion":"1.0","metadata":{"projectId":"b676c9dd-0a6e-4793-b13e-20bb4f1369d1","branchId":"master","commitId":"016daae45761b82264d0b619c4730cdf9013a8ba"}}